CloudletID,DatacenterID,VMID,Time,Start Time,Finish Time
11,Datacenter_0,2,0.29,0.1,0.39
12,Datacenter_0,2,0.29,0.39,0.67
18,Datacenter_0,2,0.29,0.67,0.96
24,Datacenter_0,2,0.29,0.96,1.24
25,Datacenter_0,2,0.29,1.24,1.53
28,Datacenter_0,2,0.29,1.53,1.81
31,Datacenter_0,2,0.29,1.81,2.1
35,Datacenter_0,2,0.29,2.1,2.39
39,Datacenter_0,2,0.29,2.39,2.67
0,Datacenter_0,1,8,0.1,8.1
1,Datacenter_0,0,8,0.1,8.1
5,Datacenter_0,1,0.4,8.1,8.5
7,Datacenter_0,1,0.4,8.5,8.9
8,Datacenter_0,1,0.4,8.9,9.3
2,Datacenter_0,0,1.2,8.1,9.3
9,Datacenter_0,1,0.4,9.3,9.7
10,Datacenter_0,1,0.4,9.7,10.1
3,Datacenter_0,0,0.8,9.3,10.1
13,Datacenter_0,1,0.4,10.1,10.5
15,Datacenter_0,1,0.4,10.5,10.9
4,Datacenter_0,0,0.8,10.1,10.9
17,Datacenter_0,1,0.4,10.9,11.3
20,Datacenter_0,1,0.4,11.3,11.7
6,Datacenter_0,0,0.8,10.9,11.7
21,Datacenter_0,1,0.4,11.7,12.1
22,Datacenter_0,1,0.4,12.1,12.5
14,Datacenter_0,0,0.8,11.7,12.5
32,Datacenter_0,1,0.4,12.5,12.9
34,Datacenter_0,1,0.4,12.9,13.3
16,Datacenter_0,0,0.8,12.5,13.3
36,Datacenter_0,1,0.4,13.3,13.7
19,Datacenter_0,0,0.8,13.3,14.1
23,Datacenter_0,0,0.8,14.1,14.9
26,Datacenter_0,0,0.8,14.9,15.7
27,Datacenter_0,0,0.8,15.7,16.5
29,Datacenter_0,0,0.8,16.5,17.3
30,Datacenter_0,0,0.8,17.3,18.1
33,Datacenter_0,0,0.8,18.1,18.9
37,Datacenter_0,0,0.8,18.9,19.7
38,Datacenter_0,0,0.8,19.7,20.5