CloudletID,DatacenterID,VMID,Time,Start Time,Finish Time
5,Datacenter_0,2,0.29,0.1,0.39
6,Datacenter_0,2,0.29,0.39,0.67
11,Datacenter_0,2,0.29,0.67,0.96
14,Datacenter_0,2,0.29,0.96,1.24
17,Datacenter_0,2,0.29,1.24,1.53
19,Datacenter_0,2,0.29,1.53,1.81
20,Datacenter_0,2,0.29,1.81,2.1
24,Datacenter_0,2,0.29,2.1,2.39
27,Datacenter_0,2,0.29,2.39,2.67
28,Datacenter_0,2,0.29,2.67,2.96
30,Datacenter_0,2,0.29,2.96,3.24
32,Datacenter_0,2,0.29,3.24,3.53
36,Datacenter_0,2,0.29,3.53,3.81
1,Datacenter_0,1,4,0.1,4.1
2,Datacenter_0,1,0.6,4.1,4.7
3,Datacenter_0,1,0.4,4.7,5.1
4,Datacenter_0,1,0.4,5.1,5.5
7,Datacenter_0,1,0.4,5.5,5.9
8,Datacenter_0,1,0.4,5.9,6.3
9,Datacenter_0,1,0.4,6.3,6.7
18,Datacenter_0,1,0.4,6.7,7.1
23,Datacenter_0,1,0.4,7.1,7.5
25,Datacenter_0,1,0.4,7.5,7.9
31,Datacenter_0,1,0.4,7.9,8.3
35,Datacenter_0,1,0.4,8.3,8.7
39,Datacenter_0,1,0.4,8.7,9.1
0,Datacenter_0,0,16,0.1,16.1
10,Datacenter_0,0,0.8,16.1,16.9
12,Datacenter_0,0,0.8,16.9,17.7
13,Datacenter_0,0,0.8,17.7,18.5
15,Datacenter_0,0,0.8,18.5,19.3
16,Datacenter_0,0,0.8,19.3,20.1
21,Datacenter_0,0,0.8,20.1,20.9
22,Datacenter_0,0,0.8,20.9,21.7
26,Datacenter_0,0,0.8,21.7,22.5
29,Datacenter_0,0,0.8,22.5,23.3
33,Datacenter_0,0,0.8,23.3,24.1
34,Datacenter_0,0,0.8,24.1,24.9
37,Datacenter_0,0,0.8,24.9,25.7
38,Datacenter_0,0,0.8,25.7,26.5